<?xml version="1.0"?>
<!DOCTYPE hibernate-mapping PUBLIC "-//Hibernate/Hibernate Mapping DTD 3.0//EN"
"http://hibernate.sourceforge.net/hibernate-mapping-3.0.dtd">
<hibernate-mapping>
    <class name="com.model.Project" table="PROJECT" schema="APP_USER">
        <id name="id" type="integer">
            <column name="project_id" precision="11" scale="0" />
            <generator class="identity" />
        </id>
       <property name="projectName" column="project_name" type="string" length="100"/>
       <set name="contracts" table="project_contract" 
				inverse="true" lazy="false" fetch="select">
            <key>
                <column name="project_id" not-null="true" />
            </key>
            <one-to-many class="com.model.Contract" />
        </set>
   </class>
    

</hibernate-mapping>